{
    "footprint":{
        "TO-220-11_Horizontal_TabDown_StaggeredType1_Py2.54mm":"TO-220-11_P3.4x2.54mm_StaggerOdd_Lead5.84mm_TabDown",
        "TO-220-11_Horizontal_TabDown_StaggeredType2_Py2.54mm":"TO-220-11_P3.4x2.54mm_StaggerEven_Lead5.84mm_TabDown",
        "TO-220-11_Vertical_StaggeredType1_Py5.08mm":"TO-220-11_P3.4x5.08mm_StaggerOdd_Lead4.85mm_Vertical",
        "TO-220-11_Vertical_StaggeredType2_Py5.08mm":"TO-220-11_P3.4x5.08mm_StaggerEven_Lead4.58mm_Vertical",
        "TO-220-15_Horizontal_TabDown_StaggeredType1_Py2.54mm":"TO-220-15_P2.54x2.54mm_StaggerOdd_Lead5.84mm_TabDown",
        "TO-220-15_Horizontal_TabDown_StaggeredType2_Py2.54mm":"TO-220-15_P2.54x2.54mm_StaggerEven_Lead5.84mm_TabDown",
        "TO-220-15_Vertical_StaggeredType1_Py5.08mm":"TO-220-15_P2.54x2.54mm_StaggerOdd_Lead4.58mm_Vertical",
        "TO-220-15_Vertical_StaggeredType2_Py5.08mm":"TO-220-15_P2.54x2.54mm_StaggerEven_Lead4.58mm_Vertical",
        "TO-220-4_Horizontal_TabDown_StaggeredType1_Py3.8mm":"TO-220-4_P5.08x2.54mm_StaggerOdd_Lead5.84mm_TabDown",
        "TO-220-4_Horizontal_TabDown_StaggeredType2_Py3.8mm":"TO-220-4_P5.08x2.54mm_StaggerEven_Lead5.84mm_TabDown",
        "TO-220-4_Vertical_StaggeredType1_Py3.7mm":"TO-220-4_P5.08x2.54mm_StaggerOdd_Lead3.8mm_Vertical",
        "TO-220-4_Vertical_StaggeredType2_Py3.7mm":"TO-220-4_P5.08x2.54mm_StaggerEven_Lead3.8mm_Vertical",
        "TO-220-5_Horizontal_TabDown_StaggeredType1_Py3.8mm":"TO-220-5_P3.4x3.8mm_StaggerOdd_Lead7.13mm_TabDown",
        "TO-220-5_Horizontal_TabDown_StaggeredType2_Py3.8mm":"TO-220-5_P3.4x3.8mm_StaggerEven_Lead7.13mm_TabDown",
        "TO-220-5_Vertical_StaggeredType1_Py3.7mm":"TO-220-5_P3.4x3.7mm_StaggerOdd_Lead3.8mm_Vertical",
        "TO-220-5_Vertical_StaggeredType2_Py3.7mm":"TO-220-5_P3.4x3.7mm_StaggerEven_Lead3.8mm_Vertical",
        "TO-220-7_Horizontal_TabDown_StaggeredType1_Py3.8mm":"TO-220-7_P2.54x3.8mm_StaggerOdd_Lead5.85mm_TabDown",
        "TO-220-7_Horizontal_TabDown_StaggeredType2_Py3.8mm":"TO-220-7_P2.54x3.8mm_StaggerEven_Lead5.85mm_TabDown",
        "TO-220-7_Vertical_StaggeredType1_Py3.7mm":"TO-220-7_P2.54x3.7mm_StaggerOdd_Lead3.8mm_Vertical",
        "TO-220-7_Vertical_StaggeredType2_Py3.7mm":"TO-220-7_P2.54x3.7mm_StaggerEven_Lead3.8mm_Vertical",
        "TO-220-9_Horizontal_TabDown_StaggeredType1_Py3.8mm":"TO-220-9_P1.94x3.8mm_StaggerOdd_Lead5.85mm_TabDown",
        "TO-220-9_Horizontal_TabDown_StaggeredType2_Py3.8mm":"TO-220-9_P1.94x3.8mm_StaggerEven_Lead5.85mm_TabDown",
        "TO-220-9_Vertical_StaggeredType1_Py3.7mm":"TO-220-9_P1.94x3.7mm_StaggerOdd_Lead3.8mm_Vertical",
        "TO-220-9_Vertical_StaggeredType2_Py3.7mm":"TO-220-9_P1.94x3.7mm_StaggerEven_Lead3.8mm_Vertical",
        "TO-220F-11_Vertical_StaggeredType1_Py5.08mm":"TO-220F-11_P3.4x5.08mm_StaggerOdd_Lead5.08mm_Vertical",
        "TO-220F-11_Vertical_StaggeredType2_Py5.08mm":"TO-220F-11_P3.4x5.08mm_StaggerEven_Lead5.08mm_Vertical",
        "TO-220F-15_Vertical_StaggeredType1_Py5.08mm":"TO-220F-15_P2.54x5.08mm_StaggerOdd_Lead5.08mm_Vertical",
        "TO-220F-15_Vertical_StaggeredType2_Py5.08mm":"TO-220F-15_P2.54x5.08mm_StaggerEven_Lead5.08mm_Vertical",
        "TO-220F-4_Vertical_StaggeredType1_Py2.05mm":"TO-220F-4_P5.08x2.05mm_StaggerOdd_Lead1.85mm_Vertical",
        "TO-220F-4_Vertical_StaggeredType1_Py3.7mm":"TO-220F-4_P5.08x3.7mm_StaggerOdd_Lead3.5mm_Vertical",
        "TO-220F-4_Vertical_StaggeredType2_Py2.05mm":"TO-220F-4_P5.08x2.05mm_StaggerEven_Lead1.85mm_Vertical",
        "TO-220F-4_Vertical_StaggeredType2_Py3.7mm":"TO-220F-4_P5.08x3.7mm_StaggerEven_Lead3.5mm_Vertical",
        "TO-220F-5_Vertical_StaggeredType1_Py2.06mm":"TO-220F-5_P3.4x2.06mm_StaggerOdd_Lead1.86mm_Vertical",
        "TO-220F-5_Vertical_StaggeredType1_Py3.7mm":"TO-220F-5_P3.4x3.7mm_StaggerOdd_Lead3.5mm_Vertical",
        "TO-220F-5_Vertical_StaggeredType2_Py2.06mm":"TO-220F-5_P3.4x2.06mm_StaggerEven_Lead1.86mm_Vertical",
        "TO-220F-5_Vertical_StaggeredType2_Py3.7mm":"TO-220F-5_P3.4x3.7mm_StaggerEven_Lead3.5mm_Vertical",
        "TO-220F-7_Vertical_StaggeredType1_Py3.7mm":"TO-220F-7_P2.54x3.7mm_StaggerOdd_Lead3.5mm_Vertical",
        "TO-220F-7_Vertical_StaggeredType2_Py3.7mm":"TO-220F-7_P2.54x3.7mm_StaggerEven_Lead3.5mm_Vertical",
        "TO-220F-9_Vertical_StaggeredType1_Py3.7mm":"TO-220F-9_P1.8x3.7mm_StaggerOdd_Lead3.5mm_Vertical",
        "TO-220F-9_Vertical_StaggeredType2_Py3.7mm":"TO-220F-9_P1.8x3.7mm_StaggerEven_Lead3.5mm_Vertical"
    },
    "library":{
    },
    "prefix":{},
    "replace":{
    }
}
