{
    "atmel" : {
        "AT89*" : "MCU_Atmel_ATTINY",
        "AT90*" : "MCU_Atmel_AVR",
        "SAM*" : "trash",
        "AT42*" : "Sensor_Touch",
        "ATXMEGA*" : "MCU_Atmel_ATMEGA",
        "ATMEGA*" : "MCU_Atmel_ATMEGA",
        "ATTINY*" : "MCU_Atmel_ATTINY"
    },

    "74xgxx" : "Logic_74xGxx",
    "74xx" : "Logic_74xx",

    "analog_switches" : "Analog_Switches",

    "analog_devices" : {
        "ADuM76*" : "Isolator",
        "ADuM14*" : "Isolator",
        "ADM25*" : "Interface_UART",
        "ADM24*" : "Interface_UART",
        "AD623*" : "Amplifier_Instrumentation",
        "AD84*" : "Amplifier_Instrumentation",
        "ADuM6000" : "Regulator_Switching",
        "ADE7758" : "Sensor"
    },

    "Audio" : {
        "IR43*" : "Amplifier_Audio",
        "TLV32*" : "Amplifier_Audio",
        "IRS205*" : "Amplifier_Audio",
        "IRS209*" : "Amplifier_Audio",
        "IRS245*" : "Amplifier_Audio"
    },

    "Battery_Management" : "Battery_Management",

    "cmos4000" : "Logic_CMOS_4000",
    "cmos_ieee" : "Logic_CMOS_IEEE",

    "Connector" : "Connector",

    "actel" : "FPGA_Actel",

    "adc-dac" : {
        "mcp4801*" : "Analog_DAC",
        "AD390*" : "Analog_DAC",
        "AD55*" : "Analog_DAC",
        "AD56*" : "Analog_DAC",
        "AD722*" : "Analog_DAC",
        "AD73*" : "Analog_DAC",
        "AD7533*" : "Analog_DAC",
        "AD7722*" : "Analog_ADC",
        "AD775*" : "Analog_DAC",
        "AD7819*" : "Analog_ADC",
        "ADS112*" : "Analog_ADC",
        "ADS123*" : "Analog_ADC",
        "ADS124*" : "Analog_ADC",
        "ADS125*" : "Analog_ADC",
        "ADS128*" : "Analog_ADC",
        "ADS129*" : "Analog_ADC",
        "ADS7843*" : "Driver_Display",
        "LTC186*" : "Analog_ADC",
        "LTC1664*" : "Analog_DAC",
        "MAX11*" : "Analog_ADC",
        "MAX12*" : "Analog_ADC",
        "MCP342*" : "Analog_ADC",
        "MCP320*" : "Analog_ADC",
        "MCP355*" : "Analog_ADC",
        "MCP49*" : "Analog_DAC",
        "UVC3*" : "Analog_MultiFunction",
        "XPT*" : "Driver_Display",
        "ADS111*" : "Analog_ADC",
        "LTC159*" : "Analog_ADC",
        "MCP300*" : "Analog_ADC",
        "LTC2309*" : "Analog_ADC",
        "ADC*" : "Analog_ADC",
        "MC14*" : "Analog_DAC",
        "MCP4802" : "Analog_DAC"
    },

    "allegro" : "Sensor_Current",

    "Altera" : "CPLD_Altera",



    "axudio" : {
        "LM18*" : "Amplifier_Audio",
        "LM38*" : "Amplifier_Audio",
        "tda*" : "Amplifier_Audio",
        "LM4*" : "Amplifier_Audio",
        "LM2876*" : "Amplifier_Audio",
        "PAM*" : "Amplifier_Audio",
        "MAX9814*" : "Amplifier_Audio",
        "MSGEQ7*" : "Audio",
        "PGA4311*" : "Audio",
        "STK*" : "Amplifier_Audio",
        "THAT*" : "Amplifier_Audio",
        "SSM20*" : "Amplifier_Audio",
        "SSM21*" : "Amplifier_Audio",
        "SSM22*" : "Transistor_BJT",
        "TR-AUDIO*" : "legacy_audio"
    },


    "contrib" : "Interface_Telecom",

    "bbd" : {
        "MN3101" : "Timer",
        "MN30*" : "Audio",
        "MN32*" : "Audio",
        "RD5*" : "Audio",
        "SAD*" : "Audio",
        "TDA*" : "Audio"
    },

    "Bosch" : {
        "BMF*" : "Sensor_Motion",
        "BME*" : "Sensor"
    },

    "cypress" : {
        "CY8C4*" : "MCU_Cypress",
        "CY8L1*" : "MCU_Cypress",
        "C87CMBR*" : "Sensor_Touch",
        "CY7C65*" : "Interface_USB",
        "CYB*" : "MCU_Cypress",
        "CY8CMBR3*" : "Sensor_Touch",
        "CY7C1*" : "Memory_RAM",
        "CY7C2*" : "Memory_RAM",
        "CY7C420" : "Memory_RAM"
    },

    "dc-dc" : {
        "ADP*" : "Regulator_Switching",
        "APE*" : "Regulator_Switching",
        "BD9*" : "Regulator_Switching",
        "CRE*" : "Regulator_Switching",
        "CRE*" : "Regulator_Switching",
        "GL2*" : "Regulator_Switching",
        "ICL*" : "Regulator_SwitchedCapacitor",
        "LM2776*" : "Regulator_SwitchedCapacitor",
        "LM3407*" : "Regulator_Switching",
        "LT3107*" : "Regulator_Switching",
        "IS3*" : "Driver_LED",
        "ISL*" : "Regulator_Switching",
        "L59*" : "Regulator_Switching",
        "LM25*" : "Regulator_Switching",
        "LM26*" : "Regulator_Switching",
        "LM2731*" : "Regulator_Switching",
        "LM2733*" : "Regulator_Switching",
        "LM2734*" : "Regulator_Switching",
        "LM2735*" : "Regulator_Switching",
        "LM3578" : "Regulator_Switching",
        "LMC7660" : "Regulator_SwitchedCapacitor",
        "LTC1624*" : "Regulator_Controller",
        "LTC1878*" : "Regulator_Switching",
        "LTC34*" : "Regulator_Switching",
        "LTC35*" : "Regulator_Switching",
        "LTC38*" : "Regulator_Switching",
        "LM3670*" : "Regulator_Switching",
        "LM50*" : "Regulator_Switching",
        "LM51*" : "Regulator_Switching",
        "LMR*" : "Regulator_Switching",
        "LT1054*" : "Regulator_SwitchedCapacitor",
        "LTC1044*" : "Regulator_SwitchedCapacitor",
        "LTC660*" : "Regulator_SwitchedCapacitor",
        "LT1073*" : "Regulator_Switching",
        "LT1108*" : "Regulator_Switching",
        "LT137*" : "Regulator_Switching",
        "LT194*" : "Regulator_Switching",
        "LT343*" : "Regulator_Switching",
        "LT346*" : "Driver_LED",
        "LT347*" : "Regulator_Switching",
        "LT3755*" : "Driver_LED",
        "LT3757*" : "Regulator_Switching",
        "LTC14*" : "Regulator_Switching",
        "LT130*" : "Regulator_Switching",
        "LTC36*" : "Regulator_Switching",
        "MAX150*" : "Regulator_Switching",
        "MAX503*" : "Regulator_Switching",
        "MAX77*" : "Regulator_Switching",
        "MC3306*" : "Regulator_Switching",
        "MCP163*" : "Regulator_Switching",
        "MCP1640*" : "Regulator_Switching",
        "MCP165*" : "Regulator_Switching",
        "TPS61*" : "Regulator_Switching",
        "MAX1044*" : "Regulator_SwitchedCapacitor",
        "MAX1757*" : "Regulator_Switching",
        "MIC21*" : "Regulator_Switching",
        "MIC4690*" : "Regulator_Switching",
        "NID*" : "Regulator_Switching",
        "R-78*" : "Regulator_Switching",
        "ST1CC*" : "Driver_LED",
        "ST1S1*" : "Regulator_Switching",
        "TL497*" : "Regulator_Switching",
        "TPS562*" : "Regulator_Switching",
        "TSR_*" : "Regulator_Switching",
        "NMA*" : "Regulator_Switching",
        "NXE*" : "Regulator_Switching",
        "PAM*" : "Regulator_Switching",
        "TEN20*" : "Converter_DC-DC",
        "TMR_*" : "Regulator_Switching",
        "TPS543*" : "Regulator_Switching",
        "TPS560*" : "Regulator_Switching",
        "TPS605*" : "Regulator_SwitchedCapacitor",
        "TPS621*" : "Regulator_Switching",
        "TPS622*" : "Regulator_Switching"
    },

    "device" : "Device",

    "digital-audio" : "Audio",

    "driver_gate" : "Driver_FET",

    "diode" : "Diode",

    "dsp:DSP9*" : "DSP_Freescale",
    "dsp:TMS320LF2406PZ" : "DSP_Texas",

    "Decawave" : "RF_Module",

    "Display" : {
      "7SEGMENT*" : "Display_Character",
      "AD-121F2*" : "Display_Character",
      "AG12864E*" : "Display_Graphic",
      "AY0438X-*" : "Driver_Display",
      "CA56-*" : "Display_Character",
      "CC56-*" : "Display_Character",
      "CR2013-*" : "Driver_Display",
      "DA04-*" : "Display_Character",
      "DA56-*" : "Display_Character",
      "DC56-*" : "Display_Character",
      "DE113-*" : "Display_Character",
      "DE114-*" : "Display_Character",
      "DE170-*" : "Display_Character",
      "EA_DOG*" : "Display_Graphic",
      "EA_eDIP*" : "Display_Graphic",
      "EA_T123*" : "Display_Character",
      "ELD-42*" : "Display_Character",
      "HDSM*" : "Display_Character",
      "HDSP-4*" : "LED",
      "HDSP-7*" : "Display_Character",
      "HLCP-J*" : "LED",
      "HY1602E*" : "Display_Character",
      "KCS*" : "Display_Character",
      "LCD-016N002L*" : "Display_Character",
      "LM16255K*" : "Display_Character",
      "LTS*" : "Display_Character",
      "MAN*" : "Display_Character",
      "RC*" : "Display_Character",
      "SBC18*" : "Display_Character",
      "WC1602A*" : "Display_Character"
    },

    "DSP_Microchip_DSPIC33" : "",

    "ESD_Protection" : "Power_Protection",

    "Espressif" : "RF_WiFi",

    "FPGA_Actel" : "",

    "ftdi" : "Interface_USB",

    "Graphic" : "",

    "hc11" : "Memory_EEPROM",

    "intel" : {
        "16*" : "Interface_UART",
        "80*" : "MCU_Intel",
        "8252" : "Interface_UART",
        "82C54*" : "Timer",
        "82C55*" : "Interface",
        "8255" : "Interface",
        "8259" : "MCU_Intel",
        "8237" : "MCU_Intel",
        "828*" : "MCU_Intel",
        "8748" : "MCU_Intel",
        "82720" : "Driver_Display",
        "I386*" : "MCU_Intel"
    },

    "infineon" : {
        "BTS5*" : "Power_Distribution",
        "BTS4*" : "Power_Distribution"
    },

    "interface" : {
        "ADM*" : "Interface_UART",
        "CH376T" : "Memory_Controller",
        "FUSB*" : "Interface_USB",
        "GD*" : "Interface_UART",
        "LT1080" : "Interface_UART",
        "LTC2875*" : "Interface_CAN_LIN",
        "ltc2983" : "Sensor_Temperature",
        "ltc2990" : "Sensor_MultiFunction",
        "max134*" : "Interface_UART",
        "max2*" : "Interface_UART",
        "max30*" : "Interface_UART",
        "MAX318*" : "Sensor_Temperature",
        "max32*" : "Interface_UART",
        "mcp25*" : "Interface_CAN_LIN",
        "mcp4*" : "Digital_Potentiometer",
        "SN65*" : "Interface_CAN_LIN",
        "sp34*" : "Interface_UART",
        "interface_tca94*" : "Interface_I2C",
        "tja1*" : "Interface_CAN_LIN",
        "xtr*" : "Interface_CurrentLoop",
        "AD528*" : "Digital_Potentiometer",
        "ADM3053" : "Interface_CAN_LIN",
        "intrface:ADM2*" : "Interface_UART",
        "intrface:ADM101*" : "Interface_UART",
        "TCA9*" : "Interface_I2C",
        "ICL7*" : "Driver_FET",
        "max48*" : "Interface_UART",
        "MCI141*" : "Transistor",
        "UA93*" : "Interface_UART",
        "SN75L*" : "Interface_UART"
    },

    "intersil" : {
        "EL7*" : "Driver_FET",
        "HIP*" : "Driver_FET"
    },

    "ir" : {
        "IR*21*" : "Driver_FET",
        "AUIPS*" : "Power_Distribution",
        "AUIR33*" : "Power_Distribution",
        "IR115*" : "Regulator_Controller",
        "IR116*" : "Regulator_Controller",
        "IRS250*" : "Regulator_Controller",
        "IRS25751*" : "Power_Management",
        "IRS200*" : "Driver_FET",
        "IR201*" : "Driver_FET",
        "IR2085*" : "Driver_FET",
        "IR2304" : "Driver_FET",
        "IR7*" : "Driver_FET",
        "IR256*" : "Driver_FET",
        "IRS289*" : "Driver_FET",
        "IR257*" : "Sensor_Current",
        "IR43*" : "Amplifier_Audio",
        "IRS205*" : "Amplifier_Audio",
        "IRS209*" : "Amplifier_Audio",
        "IRS245*" : "Amplifier_Audio"
    },

    "Lattice" : "Logic_Programmable",

    "LEM" : "Sensor_Current",

    "linear" : {
      "AD62*" : "Amplifier_Instrumentation",
      "AD797*" : "Amplifier_Operational",
      "AD813*" : "Amplifier_Video",
      "AD8202*" : "Amplifier_Current",
      "AD8203*" : "Amplifier_Current",
      "AD8205*" : "Amplifier_Difference",
      "AD8206*" : "Amplifier_Current",
      "AD8207*" : "Amplifier_Difference",
      "AD8208*" : "Amplifier_Difference",
      "AD8209*" : "Amplifier_Difference",
      "AD8210*" : "Amplifier_Current",
      "AD8211*" : "Amplifier_Current",
      "AD8212*" : "Amplifier_Current",
      "AD8213*" : "Amplifier_Current",
      "AD8215*" : "Amplifier_Current",
      "AD8216*" : "Amplifier_Difference",
      "AD8217*" : "Amplifier_Current",
      "AD8218*" : "Amplifier_Current",
      "AD8219*" : "Amplifier_Current",
      "AD823*" : "Amplifier_Instrumentation",
      "AD841*" : "Amplifier_Current",
      "ADA4807*" : "Amplifier_Operational",
      "ADCMP350*" : "Comparator",
      "CA3*" : "Amplifier_Operational",
      "INA12*" : "Amplifier_Operational",
      "INA13*" : "Amplifier_Current",
      "INA16*" : "Amplifier_Current",
      "INA19*" : "Amplifier_Current",
      "INA28*" : "Amplifier_Current",
      "INA32*" : "Amplifier_Instrumentation",
      "L272*" : "Amplifier_Operational",
      "LF398*" : "Analog",
      "LH0002H*" : "Amplifier_Buffer",
      "LM13700*" : "Amplifier_Operational",
      "LM2901*" : "Comparator",
      "LM2902*" : "Amplifier_Operational",
      "LM2903*" : "Comparator",
      "LM2904*" : "Amplifier_Operational",
      "LM311*" : "Comparator",
      "LM318*" : "Amplifier_Operational",
      "LM319*" : "Comparator",
      "LM32*" : "Amplifier_Operational",
      "LM386*" : "Amplifier_Audio",
      "LM4250*" : "Amplifier_Operational",
      "LM55*" : "Timer",
      "LM632*" : "Amplifier_Buffer",
      "LM636*" : "Amplifier_Operational",
      "LM7332" : "Amplifier_Operational",
      "LM733C*" : "Amplifier_Difference",
      "LM733H" : "Amplifier_Difference",
      "LM74*" : "Amplifier_Operational",
      "LMC555*" : "Timer",
      "LMV32*" : "Amplifier_Operational",
      "LMV33*" : "Comparator",
      "LMV6*" : "Amplifier_Operational",
      "LT5560*" : "RF_Mixer",
      "LT6102*" : "Amplifier_Current",
      "LT6106*" : "Amplifier_Current",
      "LTC110*" : "Amplifier_Instrumentation",
      "LTC115*" : "Amplifier_Operational",
      "LTC6102*" : "Amplifier_Current",
      "LTC608*" : "Amplifier_Operational",
      "LTC6362*" : "Amplifier_Operational",
      "MAX408*" : "Amplifier_Current",
      "MAX4238*" : "Amplifier_Operational",
      "MAX471*" : "Amplifier_Current",
      "MAX472*" : "Amplifier_Current",
      "MCP600*" : "Amplifier_Operational",
      "MCP601*" : "Amplifier_Operational",
      "MCP603*" : "Amplifier_Operational",
      "MCP656*" : "Comparator",
      "MCP6L*" : "Amplifier_Operational",
      "MIC845*" : "Comparator",
      "NCS210*" : "Amplifier_Current",
      "NE55*" : "Timer",
      "NE567*" : "Timer",
      "OP07*" : "Amplifier_Operational",
      "OP179*" : "Amplifier_Operational",
      "OP249*" : "Amplifier_Operational",
      "OP279*" : "Amplifier_Operational",
      "OPA1622*" : "Amplifier_Audio",
      "OPA23*" : "Amplifier_Operational",
      "OPA26*" : "Amplifier_Operational",
      "OPA3*" : "Amplifier_Operational",
      "OPA890*" : "Amplifier_Operational",
      "THS*" : "Amplifier_Operational",
      "TL3116*" : "Comparator",
      "TLC555*" : "Timer",
      "TSV912IQ2T*" : "Amplifier_Operational",
      "ZXCT*" : "Amplifier_Current"
    },

    "Logic_74xgxx" : "",
    "Logic_74xx" : "",
    "Logic_CMOS_IEEE" : "",
    "Logic_CMOS_4000" : "",
    "logic_programmable" : "Logic_Programmable",
    "Logic_TTL_IEEE" : "",

    "maxim" : {
        "DS12*" : "Digital_Potentiometer",
        "DS18*" : "Sensor_Temperature",
        "DS28*" : "Sensor_Temperature",
        "MAX12*" : "Analog_ADC",
        "max318*" : "Sensor_Temperature",
        "MAX6355" : "Power_Supervisor"
    },

    "mechanical" : "Mechanical",

    "memory" : {
        "2130" : "Memory_VRAM",
        "24A*" : "Memory_EEPROM",
        "24LC*" : "Memory_EEPROM",
        "25LC*" : "Memory_EEPROM",
        "dram*" : "Memory_VRAM",
        "fm*" : "Memory_NVRAM",
        "hm6*" : "Memory_VRAM",
        "mt48*" : "Memory_VRAM",
        "sst*" : "Memory_Flash",
        "ram*" : "Memory_VRAM",
        "mb8*" : "Memory_NVRAM",
        "m29*" : "Memory_Flash",
        "mr2*" : "Memory_NVRAM",
        "at24*" : "Memory_EEPROM",
        "27C*" : "Memory_EEPROM",
        "idt*" : "Memory_VRAM",
        "m25*" : "Memory_Flash",
        "m29*" : "Memory_flash",
        "at45*" : "Memory_flash",
        "93*" : "Memory_EEPROM",
        "am29*" : "Memory_Flash",
        "AS6C* " : "Memory_VRAM"
    },

    "microchip" : {
        "enc*" : "Interface_Ethernet",
        "KSZ*" : "Interface_Ethernet",
        "LAN*" : "Interface_Ethernet",
        "mcp2050*" : "Interface_CAN_LIN",
        "mcp2515*" : "Interface_CAN_LIN",
        "mic*" : "Driver_FET",
        "usb*" : "Interface_USB",
        "MCP2200*" : "Interface_USB",
        "MCP794*" : "Timer",
        "MCP45*" : "Digital_Potentiometer"
    },

    "microcontrollers" : {
        "SAB8*" : "MCU_Infineon",
        "ADUC*" : "MCU_AnalogDevices",
        "FE3*" : "MCU_SiFive"
    },

    "MCU_Microchip_PIC10" : "",
    "MCU_Microchip_PIC12" : "",
    "MCU_Microchip_PIC16" : "",
    "MCU_Microchip_PIC18" : "",
    "MCU_Microchip_PIC24" : "",

    "MCU_NXP_Kinetis" : "",
    "MCU_NXP_LPC" : "",
    "MCU_NXP_S08" : "",

    "MCU_ST_STM8" : "",
    "MCU_ST_STM32" : "",

    "MCU_Texas_MSP430" : "",

    "modules " : {
        "Arduino*" : "Module",
        "Pololu*" : "Driver_Motor",
        "CHIP*" : "Module",
        "NUCLEO*" : "Module",
        "Maple*" : "Module"
    },

    "Motor" : "",

    "motorola" : {
        "MC6845" : "Driver_Display",
        "MC68A45" : "Driver_Display",
        "MC68B45" : "Driver_Display",
        "MC6850" : "Interface_UART",
        "MC68A50" : "Interface_UART",
        "MC68B50" : "Interface_UART",
        "68C68*" : "Interface_UART",
        "68000*" : "CPU_NXP_68000",
        "68010*" : "CPU_NXP_68000",
        "68008*" : "CPU_NXP_68000",
        "MC68000*" : "CPU_NXP_68000",
        "MC68010*" : "CPU_NXP_68000",
        "MC68008*" : "CPU_NXP_68000",
        "MC68332*" : "CPU_NXP_68000",
        "MC6800" : "CPU_NXP_6800",
        "MC6809*" : "CPU_NXP_6800",
        "MC68A0*" : "CPU_NXP_6800",
        "MC68B0*" : "CPU_NXP_6800",
        "MC68HC812*" : "MCU_NXP_HC12",
        "MC68HC912*" : "MCU_NXP_HC12",
        "MC9S12*" : "MCU_NXP_HCS12",
        "MCF*" : "MCU_NXP_ColdFire",
        "MMC*" : "MCU_NXP_MCore",
        "MPC*" : "CPU_PowerPC",
        "MPC*" : "CPU_PowerPC",
        "68H11*" : "MCU_NXP_HC11",
        "68H711*" : "MCU_NXP_HC11",
        "68HC11*" : "MCU_NXP_HC11",
        "68HC711*" : "MCU_NXP_HC11",
        "DSP*" : "DSP_Motorola",
        "682*" : "Interface",
        "MC68A2*" : "Interface",
        "MC684*" : "Interface",
        "MC68B2*" : "Interface",
        "MC68B4*" : "Interface",
        "686*" : "Interface",
        "689*" : "Interface",
        "MC13192" : "RF_ZigBee",
        "P4080*" : "CPU",
        "MAC71*" : "MCU_NXP_MAC7100"
    },

    "Relay" : "",

    "RF_Bluetooth" : "",

    "MCU_Microchip_PIC32" : "",
    "MCU_Parallax" : "",

    "Memory_EEPROM" : "",

    "motor_drivers" : "Driver_Motor",

    "motors" : "Motor",

    "motorola:MC13192" : "Interface_ZigBee",

    "msp430" : "MCU_Texas_MSP430",

    "nordicsemi" : "RF_Bluetooth",

    "nxp" : {
        "pca96*" : "Driver_LED",
        "pca953*" : "Interface_Expansion",
        "pca954*" : "Interface_Expansion"
    },

    "nxp_armmcu" : "MCU_NXP_LPC",
    "nxp_s08" : "MCU_NXP_S08",
    "nxp_kinetis" : "MCU_NXP_Kinetis",

    "onsemi" : {
        "CM12*" : "Power_Protection",
        "NUP*" : "Power_Protection",
        "NPC*" : "Power_Management",
        "FAN*" : "Driver_FET"
    },

    "opto" : {
      "SFH4*" : "LED",
      "SFH61*" : "Isolator",
      "TLP27*" : "Isolator",
      "TLP30*" : "Isolator",
      "TLP627*" : "Isolator",
      "TSOP*" : "Interface_Optical",
      "VO615*" : "Isolator",
      "PC8*" : "Isolator",
      "LTV*" : "Isolator",
      "4N25*" : "Isolator",
      "6N135*" : "Isolator",
      "A?050*" : "Sensor_Optical",
      "ACPL-C*" : "Isolator_Analog",
      "APDS-9301*" : "Sensor_Optical",
      "ASMT-YTC2-0AA02*" : "LED",
      "ASSR*" : "Relay_SolidState",
      "ACPL-?343" : "Isolator",
      "BP*" : "Sensor_Optical",
      "CNY17-1*" : "Isolator",
      "CPC1017N*" : "Relay_SolidState",
      "FOD*" : "Relay_SolidState",
      "H*" : "Isolator",
      "IL300*" : "Isolator_Analog",
      "IRL81A*" : "LED",
      "IS4*" : "Interface_Optical",
      "KPS-5130*" : "Sensor_Optical",
      "LCC110*" : "Relay_SolidState",
      "LD2*" : "LED",
      "LDR*" : "Sensor_Optical",
      "LG2*" : "Sensor_Proximity",
      "LPT80A*" : "Sensor_Optical",
      "LTR-303ALS-01*" : "Sensor_Optical",
      "M9960*" : "Sensor_Optical",
      "MOC*" : "Relay_SolidState",
      "NSL-32*" : "Isolator",
      "PC3H4*" : "Isolator",
      "PL450B*" : "Diode_Laser",
      "PLT5_488*" : "Diode_Laser",
      "QSE159*" : "Interface_Optical",
      "S10*" : "Relay_SolidState",
      "S13360-3025CS*" : "Sensor_Optical",
      "SFH2*" : "Sensor_Optical",
      "SFH309*" : "Sensor_Optical",
      "SPL_PL90*" : "Diode_Laser",
      "TLP12*" : "Isolator",
      "TLP13*" : "Isolator",
      "TLP14*" : "Relay_SolidState",
      "TLP16*" : "Relay_SolidState",
      "TLP17*" : "Relay_SolidState",
      "TLP18*" : "Isolator",
      "TLP22*" : "Relay_SolidState",
      "TLP25*" : "Isolator",
      "TLP29*" : "Isolator",
      "TLP7*" : "Isolator",
      "TSDP341xx*" : "Interface_Optical",
      "TSL*" : "Sensor_Optical",
      "TSMP58138*" : "Interface_Optical",
      "VT93xx*" : "Sensor_Optical",
      "VTL5C*" : "Isolator"
    },

    "Oscillators" : "Oscillator",

    "philips" : {
        "pca8*" : "Interface_CAN_LIN",
        "PCF*" : "Interface_Expansion",
        "TDA8*" : "Video",
        "HTRC*" : "RFID",
        "P82B*" : "Interface_Expansion",
        "SAA7*" : "Video",
        "PCA9*" : "Interface_Expansion"
    },

    "Power_Distribution" : "Power_Management",

    "pspice" : "",

    "power" : "",

    "powerint" : {
        "LNK*" : "Regulator_Switching",
        "TNY*" : "Regulator_Switching",
        "TOP*" : "Regulator_Controller"
    },

    "Power_Management" : {
        "FAN7842" : "Driver_FET",
        "LM50*" : "Power_Management",
        "LT1641*" : "Power_Management",
        "LTC435*" : "Power_Management",
        "LTC4364*" : "Power_Management",
        "LTC4365*" : "Power_Management",
        "TCM8*" : "Power_Supervisor",
        "MCP10*" : "Power_Supervisor",
        "LTC444*" : "Driver_FET",
        "PM8*" : "Driver_FET",
        "MIC8*" : "Power_Supervisor",
        "MIC2587*" : "Power_Management",
        "MIC2026*" : "Power_Management",
        "LTC4007" : "Battery_Management",
        "LTC4417*" : "Power_Management",
        "MC33*" : "Power_Supervisor",
        "MC34*" : "Power_Supervisor",
        "TL77*" : "Power_Supervisor",
        "TPS22*" : "Power_Management",
        "TPS38*" : "Power_Supervisor",
        "TPS25*" : "Power_Management",
        "TEA17*" : "Power_Management",
        "HF81" : "Power_Management",
        "RT9*" : "Power_Management",
        "STM66*" : "Power_Management",
        "PD7*" : "Power_Management"
    },

    "references" : "Reference_Voltage",

    "Reference_Voltage" : {
        "LM134*" : "Reference_Current",
        "LM23*" : "Reference_Current",
        "LM33*" : "Reference_Current",
        "REF200*" : "Reference_Current",
        "LM285D*" : "Reference_Voltage"
    },

    "regul" : {
        "LM1117*" : "Regulator_Linear",
        "LM3*" : "Regulator_Linear",
        "LT11*" : "Regulator_Linear",
        "NCP111*" : "Regulator_Linear",
        "AP111*" : "Regulator_Linear",
        "TPS7*" : "Regulator_Linear",
        "LT158*" : "Regulator_Linear",
        "LT1761*" : "Regulator_Linear",
        "MCP17*" : "Regulator_Linear",
        "LP298*" : "Regulator_Linear",
        "MC78*" : "Regulator_Linear",
        "TLV7*" : "Regulator_Linear",
        "SPX*" : "Regulator_Linear",
        "7?0*" : "Regulator_Linear",
        "LM108*" : "Regulator_Linear",
        "APE8*" : "Regulator_Linear",
        "LM7*" : "Regulator_Linear",
        "LD39*" : "Regulator_Linear",
        "LP3*" : "Regulator_Linear",
        "MAX16*" : "Regulator_Linear",
        "LM29*" : "Regulator_Linear",
        "MAX60*" : "Regulator_Linear",
        "MAX874" : "Reference_Voltage",
        "MAX88*" : "Regulator_Linear",
        "TC1054" : "Regulator_Linear",
        "KA37*" : "Regulator_Linear",
        "MIC521*" : "Regulator_Linear",
        "LD1117*" : "Regulator_Linear",
        "LM117*" : "Regulator_Linear",
        "MAX666" : "Regulator_Linear",
        "AP131" : "Regulator_Linear",
        "L200" : "Regulator_Linear",
        "LF15*" : "Regulator_Linear",
        "LT3*" : "Regulator_Linear",
        "MIC4690" : "Regulator_Switching",
        "PT6100" : "Regulator_Linear",
        "TC1262*" : "Regulator_Linear",
        "MCP182*" : "Regulator_Linear",
        "AP131*" : "Regulator_Linear",
        "LT1964*" : "Regulator_Linear",
        "LTC3406*" : "Regulator_Switching",
        "MAX5092*" : "Regulator_Linear",
        "MC79L*" : "Regulator_Linear",
        "AP220*" : "Regulator_Linear",
        "ADP7*" : "Regulator_Linear",
        "ICL7*" : "Regulator_Linear",
        "IFX*" : "Regulator_Linear",
        "LDK130*" : "Regulator_Linear",
        "MAX66*" : "Regulator_Linear",
        "MIC5*" : "Regulator_Linear",
        "UA7*" : "Regulator_Linear",
        "AP212*" : "Regulator_Linear",
        "AZ11*" : "Regulator_Linear",
        "L7905" : "Regulator_Linear",
        "L79L05*" : "Regulator_Linear",
        "L7805" : "Regulator_Linear",
        "MC79M*" : "Regulator_Linear"
    },

    "relays" : "Relay",

    "rfcom" : {
        "B*" : "RF_Bluetooth",
        "CC1*" : "RF",
        "CC2*" : "RF_ZigBee",
        "DCT*" : "RF",
        "HF-*" : "RF_WiFi",
        "MM*" : "RF",
        "NRF*" : "RF",
        "RN*" : "RF_Bluetooth",
        "RXM*" : "RF_GPS",
        "XBee*" : "RF_ZigBee",
        "ESP-12E" : "RF_WiFi",
        "TD120*" : "RF",
        "UL865" : "RF",
        "iM880*" : "RF",
        "RFM*" : "RF_AM_FM",
        "SA60*" : "RF_AM_FM",
        "*nRF8001*" : "RF_Bluetooth",
        "SIM900" : "RF",
        "SX127*" : "RF",
        "TR-*" : "RF",
        "RFD77*" : "RF_Bluetooth",
        "SPBTLE*" : "RF"
    },

    "RFSolutions" : "Interface_RF",

    "Interface_RF" : {
        "*P1*" : "RF_WiFi",
        "ZET*" : "RF_AM_FM"
    },

    "sensors" : {
        "40pc*" : "Sensor_Pressure",
        "a110*" : "Sensor_Magnetic",
        "a130*" : "Sensor_Magnetic",
        "ad8148" : "Sensor_Current",
        "AS50*" : "Sensor_Magnetic",
        "BD*" : "Sensor_Temperature",
        "BMP*" : "Sensor_Pressure",
        "Flir*" : "Sensor_Photo",
        "INA*" : "Sensor_Current",
        "KT*" : "Sensor_Temperature",
        "L3*" : "Sensor_Motion",
        "LG*" : "Sensor_Motion",
        "LA*" : "Sensor_Current",
        "LIS*" : "Sensor_Motion",
        "LM35*" : "Sensor_Temperature",
        "LM73*" : "Sensor_Temperature",
        "LMT8*" : "Sensor_Temperature",
        "LPS*" : "Sensor_Pressure",
        "LSM*" : "Sensor_Motion",
        "LV*" : "Sensor_Voltage",
        "MCP950*" : "Sensor_Temperature",
        "MCP970*" : "Sensor_Temperature",
        "MCP980*" : "Sensor_Temperature",
        "MP45D*" : "Sensor_Audio",
        "MPU-*" : "Sensor_Motion",
        "MPX*" : "Sensor_Pressure",
        "ZXC*" : "Sensor_Current",
        "PT1*" : "Sensor_Temperature",
        "tmp*" : "Sensor_Temperature",
        "mma*" : "Sensor_Motion",
        "sht1*" : "Sensor_MultiFunction",
        "tlv*" : "Sensor_Magnetic",
        "dht*" : "Sensor_MultiFunction",
        "ad84*" : "Sensor_Current",
        "c12*" : "Sensor_Photo",
        "mpl11*" : "Sensor_Pressure",
        "CCS811" : "Sensors_Gas",
        "DS16*" : "Sensor_Temperature",
        "MAX318*" : "Sensor_Temperature",
        "TSIC*" : "Sensor_Temperature"
    },

    "Sensor_Current" : "",

    "silabs" : {
        "CP211*" : "Interface_USB",
        "cp210*" : "Interface_USB",
        "EFM*" : "MCU_SiLabs",
        "Si3210*" : "Interface_Telecom",
        "Si4362*" : "RF_AM_FM",
        "Si473*" : "RF_AM_FM"
    },

    "stm32" : "MCU_ST_STM32",

    "stm8" : "MCU_ST_STM8",

    "supertex" : {
        "CL220*" : "Driver_LED",
        "HV99*" : "Driver_LED",
        "LR8*" : "Regulator_Linear",
        "HV100*" : "Regulator_Current"
    },

    "switches" : "Switch",

    "Switch" : "",

    "texas" : {
        "TB5*" : "Interface",
        "DRV8848" : "Driver_Motor",
        "MPY63*" : "Analog",
        "PCA9306" : "Interface",
        "TLC5973" : "Driver_LED",
        "TPL0*" : "Potentiometer_Digital",
        "TUSB*" : "Interface_USB",
        "TS5*" : "Switch_Analog",
        "DRV886*" : "Driver_Relay",
        "LM4F" : "MCU_Texas",
        "TM4C*" : "MCU_Texas",
        "LM3S6911-EQC50" : "MCU_Texas",
        "TMS*" : "MCU_Texas",
        "LM5109*" : "Driver_FET",
        "LM5175*" : "Regulator_Switching",
        "TUSB*" : "Interface_USB",
        "TXB01*" : "Logic_LevelTranslator",
        "TLC555" : "Timer",
        "TPS25*" : "Interface_USB",
        "TPS240*" : "Power_Management",
        "TPS20*" : "Power_Management",
        "TLC594*" : "Driver_LED",
        "ISO7*" : "Isolator",
        "LM25119" : "Regulator_Controller",
        "UCC*" : "Regulator_Controller",
        "TCA95*" : "Interface_Expansion",
        "TPL9*" : "Driver_Relay",
        "TPIC*" : "Interface_Expansion",
        "lp3947" : "Battery_Management"
    },

    "transistors" : "Transistor",

    "Transistor" : {
        "2N*" : "Transistor_BJT",
        "2S*" : "Transistor_BJT",
        "3S*" : "Transistor_FET",
        "AUIR*" : "Power_Management",
        "BC*" : "Transistor_BJT",
        "BD*" : "Transistor_BJT",
        "BF19*" : "Transistor_BJT",
        "BF24*" : "Transistor_FET",
        "BF45*" : "Transistor_BJT",
        "BF54*" : "Transistor_FET",
        "BFR*" : "Transistor_BJT",
        "BFT*" : "Transistor_BJT",
        "BS*" : "Transistor_FET",
        "BU*" : "Transistor_BJT",
        "CSD*" : "Transistor_FET",
        "DTA*" : "Transistor_BJT",
        "DTB*" : "Transistor_BJT",
        "DTC*" : "Transistor_BJT",
        "DTD*" : "Transistor_BJT",
        "FDG*" : "Transistor_FET",
        "FDM*" : "Transistor_FET",
        "FDS*" : "Transistor_FET",
        "FFB*" : "Transistor_BJT",
        "IPS*" : "Power_Management",
        "IPT*" : "Transistor_FET",
        "IRF*" : "Transistor_FET",
        "IRG*" : "Transistor_IGBT",
        "IRL*" : "Transistor_FET",
        "KTD*" : "Transistor_BJT",
        "M?T*" : "Transistor_BJT",
        "MJ*" : "Transistor_BJT",
        "MMBF*" : "Transistor_FET",
        "MM?T*" : "Transistor_BJT",
        "MPS*" : "Transistor_BJT",
        "PN22*" : "Transistor_BJT",
        "PZT*" : "Transistor_BJT",
        "TIP*" : "Transistor_BJT",
        "S8*" : "Transistor_BJT",
        "TP0*" : "Transistor_FET"
    },

    "triac_thyristor" : "Triac_Thyristor",

    "transf" : "Transformer",
    "Transformer" : "",

    "ttl_ieee" : "Logic_TTL_IEEE",

    "valves" : "Valve",
    "Valve" : "",

    "video" : "Video",

    "wiznet" : "Interface_Ethernet",

    "Worldsemi" : "LED",

    "Xicor" : "Potentiometer_Digital",

    "zetex" : "Driver_FET",

    "xilinx" : {
        "XC94*" : "CPLD_Xilinx",
        "XC95*" : "CPLD_Xilinx",
        "XCR*" : "CPLD_Xilinx",
        "XC2*" : "FPGA_Xilinx",
        "XC3*" : "FPGA_Xilinx",
        "XC4*" : "FPGA_Xilinx",
        "XC6*" : "FPGA_Xilinx",
        "XC7336" : "CPLD_Xilinx",
        "XCF08P" : "Memory_ROM",
        "400*" : "Memory_ROM",
        "XCV150_BG352" : "FPGA_Xilinx",
        "XC18V01SO20" : "Memory_ROM"
    },

    "xilinx-artix7" : "FGPA_Xilinx_Artix7",
    "xilinx-kintex7" : "FPGA_Xilinx_Kintex7",
    "xilinx-virtex5" : "FPGA_Xilinx_Virtex5",
    "xilinx-virtex6" : "FPGA_Xilinx_Virtex6",
    "xilinx-virtex7" : "FPGA_Xilinx_Virtex7",
    "xilinx-spartan6" : "FPGA_Xilinx_Spartan6",

    "Zilog" : {
        "Z80*" : "CPU",
        "Z85*" : "Interface_UART"
    }
}
