{
    "footprint":{
        "AKM_CQ-7":"AKM_CQ_7",
        "AKM_CQ-7S":"AKM_CQ_7S",
        "DIP-20_W7.62":"DIP-20_W7.62mm",
        "DIP20_W7.62mm":"DIP-20_W7.62",
        "D_SMA_Standard":"D_SMA",
        "MELF_Standard":"D_MELF",
        "MiniMELF_Standard":"D_MiniMELF",
        "Relay_SPST-NO_OMRON-G5Q":"Relay_SPST_OMRON-G5Q",
        "SMA_Standard":"D_SMA",
        "SMB_Standard":"D_SMB",
        "SMC_Standard":"D_SMC",
        "SOD-123":"D_SOD-123",
        "SOD-323":"D_SOD-323",
        "SOIC-20_7.5x12.8mm_P1.27mm":"SOIC-20W_7.5x12.8mm_P1.27mm",
        "SOIC-8_3.4x4.9mm_P1.27mm":"SOIC-8_3.9x4.9mm_P1.27m",
        "SOIC-8_3.9x4.9mm_Pitch1.27mm":"SOIC-8_3.9x4.9mm_P1.27mm",
        "SOT-353":"SOT-353_SC-70-5",
        "SOT-363":"SOT-363_SC-70-6",
        "SSOP-20_5.3x7.2mm":"SSOP-20_5x3x7.2mm_P0.65mm",
        "TO-220_Vertical":"TO-220-3_Vertical",
        "TO-92_Molded_Narrow":"TO-92_Inline",
        "TO-92_Molded_Narrow_Oval":"TO-92_Inline",
        "TO-92_Inline_Narrow_Oval":"TO-92_Inline",
        "Texas_DSBGA-6_2x3_0.9x1.4mm_P0.5mm":"Texas_DSBGA-6_0.9x1.4mm_Layout2x3_P0.5mm"
    },
    "library":{
        "Buttons_Switches_SMD":"Button_Switch_SMD",
        "Buttons_Switches_THT":"Button_Switch_THT",
        "Capacitors_SMD":"Capacitor_SMD",
        "Capacitors_THT":"Capacitor_THT",
        "Connectors":"Connector",
        "Diodes_SMD":"Diode_SMD",
        "Diodes_THT":"Diode_THT",
        "Displays":"Display",
        "Displays_7-Segment":"Display_7Segment",
        "Hall-Effect_Transducers_LEM":"Sensor_Current",
        "Housing_QFP":"Package_QFP",
        "Housings_BGA":"Package_BGA",
        "Housings_CSP":"Package_CSP",
        "Housings_DFN_QFN":"Package_DFN_QFN",
        "Housings_DIP":"Package_DIP",
        "Housings_LCC":"Package_LCC",
        "Housings_LGA":"Package_LGA",
        "Housings_QFP":"Package_QFP",
        "Housings_SIP":"Package_SIP",
        "Housings_SOIC":"Package_SO",
        "Housings_SON":"Package_SON",
        "Housings_SSOP":"Package_SO",
        "Housings_SSOP.pretty":"Package_SO",
        "Modules":"Module",
        "RF_Modules":"RF_Module",
        "Relays_SMD":"Relay_SMD",
        "Relays_THT":"Relay_THT",
        "Resistors_SMD":"Resistor_SMD",
        "Resistors_THT":"Resistor_THT",
        "SSOP_Packages":"Package_SO",
        "Package_SSOP":"Package_SO",
        "Package_SOIC":"Package_SO",
        "TO_SOT_Housings_SMD":"Package_TO_SOT_SMD",
        "TO_SOT_Housings_THT":"Package_TO_SOT_THT",
        "TO_SOT_Packages_SMD":"Package_TO_SOT_SMD",
        "TO_SOT_Packages_THT":"Package_TO_SOT_THT",
        "Transformers_SMD":"Transformer_SMD",
        "Transformers_THT":"Transformer_THT",
        "Valves":"Valve"
    },
    "prefix":{},
    "replace":{
        "GLIMM":"Glimm",
        "LINEAR":"Linear",
        "MINI":"Mini",
        "NOVAL":"Noval",
        "OCTAL":"Octal",
        "PENTODE":"Pentode",
        "SOIC-18_":"SOIC-18W_",
        "SOIC-20_":"SOIC-20W_",
        "SOIC-24_":"SOIC-24W_",
        "SOIC-28_":"SOIC-28W_",
        "VALVE-":"Valve_",
        "_Pitch":"_P",
        "_d":"_D",
        "_w":"_W"
    }
}
