{
    "footprint":{
        "AMS_QFN-4-1EP_2x2mm_P0.95mm":"AMS_QFN-4-1EP_2x2mm_P0.95mm_EP0.7x1.6mm",
        "DFN-10-1EP_2x3mm_P0.5mm":"DFN-10-1EP_2x3mm_P0.5mm_EP0.64x2.4mm",
        "DFN-10-1EP_3x3mm_P0.5mm":"DFN-10-1EP_3x3mm_P0.5mm_EP1.55x2.48mm",
        "DFN-12-1EP_2x3mm_P0.45mm":"DFN-12-1EP_2x3mm_P0.45mm_EP0.64x2.4mm",
        "DFN-12-1EP_3x3mm_P0.45mm":"DFN-12-1EP_3x3mm_P0.45mm_EP1.66x2.38mm",
        "DFN-12-1EP_3x3mm_P0.5mm":"DFN-12-1EP_3x3mm_P0.5mm_EP2.05x2.86mm",
        "DFN-12-1EP_3x4mm_P0.5mm":"DFN-12-1EP_3x4mm_P0.5mm_EP1.7x3.3mm",
        "DFN-12-1EP_4x4mm_P0.5mm":"DFN-12-1EP_4x4mm_P0.5mm_EP2.66x3.38mm",
        "DFN-12-1EP_4x4mm_P0.65mm":"DFN-12-1EP_4x4mm_P0.65mm_EP2.64x3.54mm",
        "DFN-14-1EP_3x3mm_P0.4mm":"DFN-14-1EP_3x3mm_P0.4mm_EP1.78x2.35mm",
        "DFN-14-1EP_3x4mm_P0.5mm":"DFN-14-1EP_3x4mm_P0.5mm_EP1.7x3.3mm",
        "DFN-14-1EP_4x4mm_P0.5mm":"DFN-14-1EP_4x4mm_P0.5mm_EP2.86x3.6mm",
        "DFN-16-1EP_3x4mm_P0.45mm":"DFN-16-1EP_3x4mm_P0.45mm_EP1.7x3.3mm",
        "DFN-16-1EP_3x5mm_P0.5mm":"DFN-16-1EP_3x5mm_P0.5mm_EP1.66x4.4mm",
        "DFN-16-1EP_4x5mm_P0.5mm":"DFN-16-1EP_4x5mm_P0.5mm_EP2.44x4.34mm",
        "DFN-16-1EP_5x5mm_P0.5mm":"DFN-16-1EP_5x5mm_P0.5mm_EP3.46x4mm",
        "DFN-18-1EP_3x5mm_P0.5mm":"DFN-18-1EP_3x5mm_P0.5mm_EP1.66x4.4mm",
        "DFN-18-1EP_4x5mm_P0.5mm":"DFN-18-1EP_4x5mm_P0.5mm_EP2.44x4.34mm",
        "DFN-20-1EP_5x6mm_P0.5mm":"DFN-20-1EP_5x6mm_P0.5mm_EP3.24x4.24mm",
        "DFN-22-1EP_5x6mm_P0.5mm":"DFN-22-1EP_5x6mm_P0.5mm_EP3.14x4.3mm",
        "DFN-24-1EP_4x7mm_P0.5mm":"DFN-24-1EP_4x7mm_P0.5mm_EP2.64x6.44mm",
        "DFN-32-1EP_4x7mm_P0.4mm":"DFN-32-1EP_4x7mm_P0.4mm_EP2.64x6.44mm",
        "DFN-44-1EP_5x8.9mm_P0.4mm":"DFN-44-1EP_5x8.9mm_P0.4mm_EP3.7x8.4mm",
        "DFN-6-1.3x1.2mm_P0.4mm":"DFN-6_1.3x1.2mm_P0.4mm",
        "DFN-6-1EP_2x2mm_P0.5mm":"DFN-6-1EP_2x2mm_P0.5mm_EP0.61x1.42mm",
        "DFN-6-1EP_2x2mm_P0.65mm":"DFN-6-1EP_2x2mm_P0.65mm_EP1x1.6mm",
        "DFN-6-1EP_3x3mm_P0.95mm":"DFN-6-1EP_3x3mm_P0.95mm_EP1.7x2.6mm",
        "DFN-8-1EP_2x2mm_P0.45mm":"DFN-8-1EP_2x2mm_P0.45mm_EP0.64x1.38mm",
        "DFN-8-1EP_2x2mm_P0.5mm":"DFN-8-1EP_2x2mm_P0.5mm_EP1.05x1.75mm",
        "DFN-8-1EP_2x3mm_P0.5mm":"DFN-8-1EP_2x3mm_P0.5mm_EP0.61x2.2mm",
        "DFN-8-1EP_3x2mm_P0.45mm":"DFN-8-1EP_3x2mm_P0.45mm_EP1.66x1.36mm",
        "DFN-8-1EP_3x2mm_P0.5mm":"DFN-8-1EP_3x2mm_P0.5mm_EP1.75x1.45mm",
        "DFN-8-1EP_3x3mm_P0.5mm":"DFN-8-1EP_3x3mm_P0.5mm_EP1.66x2.38mm",
        "DFN-8-1EP_3x3mm_P0.65mm":"DFN-8-1EP_3x3mm_P0.65mm_EP1.55x2.4mm",
        "DFN-8-1EP_4x4mm_P0.8mm":"DFN-8-1EP_4x4mm_P0.8mm_EP2.5x3.6mm",
        "DFN-8-1EP_6x5mm_P1.27mm_LargeFlag":"DFN-8-1EP_6x5mm_P1.27mm_EP4x4mm",
        "DFN-8-1EP_6x5mm_P1.27mm_SmallFlag":"DFN-8-1EP_6x5mm_P1.27mm_EP2x2mm",
        "MLPQ-16-1EP_4x4mm_P0.65mm":"MLPQ-16-1EP_4x4mm_P0.65mm_EP2.8x2.8mm",
        "QFN-12-1EP_3x3mm_P0.5mm":"QFN-12-1EP_3x3mm_P0.5mm_EP1.65x1.65mm",
        "QFN-16-1EP_3x3mm_P0.5mm":"QFN-16-1EP_3x3mm_P0.5mm_EP1.8x1.8mm",
        "QFN-16-1EP_4x4mm_P0.65mm":"QFN-16-1EP_4x4mm_P0.65mm_EP2.5x2.5mm",
        "QFN-16-1EP_5x5mm_P0.8mm":"QFN-16-1EP_5x5mm_P0.8mm_EP2.7x2.7mm",
        "QFN-16-1EP_3x3mm_P0.5mm_ThermalVias":"QFN-16-1EP_3x3mm_P0.5mm_EP2.7x2.7mm_ThermalVias",
        "QFN-20-1EP_3x4mm_P0.5mm":"QFN-20-1EP_3x4mm_P0.5mm_EP1.65x2.65mm",
        "QFN-20-1EP_4x4mm_P0.5mm":"QFN-20-1EP_4x4mm_P0.5mm_EP2.5x2.5mm",
        "QFN-20-1EP_4x5mm_P0.5mm":"QFN-20-1EP_4x5mm_P0.5mm_EP2.65x3.65mm",
        "QFN-20-1EP_5x5mm_P0.65mm":"QFN-20-1EP_5x5mm_P0.65mm_EP3.35x3.35mm",
        "QFN-24-1EP_3x3mm_P0.4mm":"QFN-24-1EP_3x3mm_P0.4mm_EP1.75x1.6mm",
        "QFN-24-1EP_3x4mm_P0.4mm":"QFN-24-1EP_3x4mm_P0.4mm_EP1.65x2.65mm",
        "QFN-24-1EP_4x4mm_P0.5mm":"QFN-24-1EP_4x4mm_P0.5mm_EP2.6x2.6mm",
        "QFN-24-1EP_4x5mm_P0.5mm":"QFN-24-1EP_4x5mm_P0.5mm_EP2.65x3.65mm",
        "QFN-24-1EP_5x5mm_P0.65mm":"QFN-24-1EP_5x5mm_P0.65mm_EP3.2x3.2mm",
        "QFN-28-1EP_3x6mm_P0.5mm":"QFN-28-1EP_3x6mm_P0.5mm_EP1.7x4.75mm",
        "QFN-28-1EP_4x4mm_P0.4mm":"QFN-28-1EP_4x4mm_P0.4mm_EP2.4x2.4mm",
        "QFN-28-1EP_4x5mm_P0.5mm":"QFN-28-1EP_4x5mm_P0.5mm_EP2.65x3.25mm",
        "QFN-28-1EP_5x5mm_P0.5mm":"QFN-28-1EP_5x5mm_P0.5mm_EP3.35x3.35mm",
        "QFN-28-1EP_5x6mm_P0.5mm":"QFN-28-1EP_5x6mm_P0.5mm_EP3.65x4.65mm",
        "QFN-28-1EP_6x6mm_P0.65mm":"QFN-28-1EP_6x6mm_P0.65mm_EP4.25x4.25mm",
        "QFN-32-1EP_4x4mm_P0.4mm":"QFN-32-1EP_4x4mm_P0.4mm_EP2.65x2.65mm",
        "QFN-32-1EP_5x5mm_P0.5mm":"QFN-32-1EP_5x5mm_P0.5mm_EP3.45x3.45mm",
        "QFN-32-1EP_7x7mm_P0.65mm":"QFN-32-1EP_7x7mm_P0.65mm_EP5.46x5.46mm",
        "QFN-36-1EP_5x6mm_P0.5mm":"QFN-36-1EP_5x6mm_P0.5mm_EP3.6x4.6mm",
        "QFN-36-1EP_6x6mm_P0.5mm":"QFN-36-1EP_6x6mm_P0.5mm_EP3.7x3.7mm",
        "QFN-38-1EP_4x6mm_P0.4mm":"QFN-38-1EP_4x6mm_P0.4mm_EP2.65x4.65mm",
        "QFN-38-1EP_5x7mm_P0.5mm":"QFN-38-1EP_5x7mm_P0.5mm_EP3.15x5.15mm",
        "QFN-40-1EP_5x5mm_P0.4mm":"QFN-40-1EP_5x5mm_P0.4mm_EP3.6x3.6mm",
        "QFN-40-1EP_6x6mm_P0.5mm":"QFN-40-1EP_6x6mm_P0.5mm_EP4.6x4.6mm",
        "QFN-42-1EP_5x6mm_P0.4mm":"QFN-42-1EP_5x6mm_P0.4mm_EP3.7x4.7mm",
        "QFN-44-1EP_7x7mm_P0.5mm":"QFN-44-1EP_7x7mm_P0.5mm_EP5.15x5.15mm",
        "QFN-44-1EP_8x8mm_P0.65mm":"QFN-44-1EP_8x8mm_P0.65mm_EP6.6x6.6mm",
        "QFN-44-1EP_9x9mm_P0.65mm":"QFN-44-1EP_9x9mm_P0.65mm_EP7.5x7.5mm",
        "QFN-44-1EP_9x9mm_P0.65mm_ThermalVias":"QFN-44-1EP_9x9mm_P0.65mm_EP7.5x7.5mm_ThermalVias",
        "QFN-48-1EP_6x6mm_P0.4mm":"QFN-48-1EP_6x6mm_P0.4mm_EP4.66x4.66mm",
        "QFN-48-1EP_6x6mm_P0.4mm_ThermalVias":"QFN-48-1EP_6x6mm_P0.4mm_EP4.66x4.66mm_ThermalVias",
        "QFN-48-1EP_7x7mm_P0.5mm":"QFN-48-1EP_7x7mm_P0.5mm_EP5.15x5.15mm",
        "QFN-52-1EP_7x8mm_P0.5mm":"QFN-52-1EP_7x8mm_P0.5mm_EP5.41x6.45mm",
        "QFN-56-1EP_7x7mm_P0.4mm":"QFN-56-1EP_7x7mm_P0.4mm_EP5.6x5.6mm",
        "QFN-64-1EP_9x9mm_P0.5mm":"QFN-64-1EP_9x9mm_P0.5mm_EP7.35x7.35mm",
        "UQFN-16-1EP_3x3mm_P0.5mm":"UQFN-16-1EP_3x3mm_P0.5mm_EP1.75x1.75mm",
        "UQFN-16-1EP_4x4mm_P0.65mm":"UQFN-16-1EP_4x4mm_P0.65mm_EP2.7x2.7mm",
        "UQFN-20-1EP_3x3mm_P0.4mm":"UQFN-20-1EP_3x3mm_P0.4mm_EP1.85x1.85mm",
        "UQFN-20-1EP_4x4mm_P0.5mm":"UQFN-20-1EP_4x4mm_P0.5mm_EP2.8x2.8mm",
        "UQFN-28-1EP_4x4mm_P0.4mm":"UQFN-28-1EP_4x4mm_P0.4mm_EP2.35x2.35mm",
        "UQFN-40-1EP_5x5mm_P0.4mm":"UQFN-40-1EP_5x5mm_P0.4mm_EP3.8x3.8mm",
        "UQFN-48-1EP_6x6mm_P0.4mm":"UQFN-48-1EP_6x6mm_P0.4mm_EP4.45x4.45mm",
        "VDFN-8-1EP_2x2mm_P0.5mm":"VDFN-8-1EP_2x2mm_P0.5mm_EP0.9x1.7mm",
        "WQFN-16-1EP_4x4mm_P0.65mm":"WQFN-16-1EP_4x4mm_P0.65mm_EP2.1x2.1mm",
        "WQFN-16-1EP_4x4mm_P0.65mm_ThermalVias":"WQFN-16-1EP_4x4mm_P0.65mm_EP2.1x2.1mm_ThermalVias",
        "WQFN-32-1EP_5x5mm_P0.5mm":"WQFN-32-1EP_5x5mm_P0.5mm_EP3.1x3.1mm",
        "LFCSP-16-1EP_3x3mm_P0.5mm":"LFCSP-16-1EP_3x3mm_P0.5mm_EP1.854x1.854mm",
        "HTQFP-64-1EP_10x10mm_P0.5mm":"HTQFP-64-1EP_10x10mm_P0.5mm_EP8x8mm",
        "HTQFP-64-1EP_10x10mm_P0.5mm_Mask4.4x4.4mm_ThermalVias":"HTQFP-64-1EP_10x10mm_P0.5mm_EP8x8mm_Mask4.4x4.4mm_ThermalVias",
        "LQFP-32-1EP_5x5mm_P0.5mm":"LQFP-32-1EP_5x5mm_P0.5mm_EP3.45x3.45mm",
        "LQFP-52-1EP_10x10mm_P0.65mm":"LQFP-52-1EP_10x10mm_P0.65mm_EP4.8x4.8mm",
        "LQFP-64-1EP_10x10mm_P0.5mm":"LQFP-64-1EP_10x10mm_P0.5mm_EP6.5x6.5mm",
        "TQFP-100-1EP_14x14mm_P0.5mm":"TQFP-100-1EP_14x14mm_P0.5mm_EP5x5mm",
        "TQFP-44-1EP_10x10mm_P0.8mm":"TQFP-44-1EP_10x10mm_P0.8mm_EP4.5x4.5mm",
        "TQFP-48-1EP_7x7mm_P0.5mm":"TQFP-48-1EP_7x7mm_P0.5mm_EP3.5x3.5mm",
        "TQFP-64-1EP_10x10mm_P0.5mm":"TQFP-64-1EP_10x10mm_P0.5mm_EP8x8mm",
        "TQFP-80-1EP_14x14mm_P0.65mm":"TQFP-80-1EP_14x14mm_P0.65mm_EP9.5x9.5mm",
        "HSOP-20-1EP_11.0x15.9mm_P1.27mm_SlugUp":"HSOP-20_11.0x15.9mm_P1.27mm",
        "SOIC-8-1EP_3.9x4.9mm_P1.27mm":"SOIC-8-1EP_3.9x4.9mm_P1.27mm_EP2.35x2.35mm",
        "VSON-10-1EP_3x3mm_P0.5mm":"VSON-10-1EP_3x3mm_P0.5mm_EP1.65x2.4mm",
        "VSON-10-1EP_3x3mm_P0.5mm_ThermalVias":"VSON-10-1EP_3x3mm_P0.5mm_EP1.65x2.4mm_ThermalVias",
        "WSON-10-1EP_2x3mm_P0.5mm":"WSON-10-1EP_2x3mm_P0.5mm_EP0.84x2.4mm",
        "WSON-10-1EP_2x3mm_P0.5mm_ThermalVias":"WSON-10-1EP_2x3mm_P0.5mm_EP0.84x2.4mm_ThermalVias",
        "WSON-10-1EP_4x3mm_P0.5mm":"WSON-10-1EP_4x3mm_P0.5mm_EP2.2x2mm",
        "WSON-12-1EP_3x2mm_P0.5mm":"WSON-12-1EP_3x2mm_P0.5mm_EP1x2.65",
        "WSON-12-1EP_3x2mm_P0.5mm_ThermalVias":"WSON-12-1EP_3x2mm_P0.5mm_EP1x2.65_ThermalVias",
        "WSON-14_1EP_4.0x4.0mm_P0.5mm":"WSON-14-1EP_4.0x4.0mm_P0.5mm_EP2.6x2.6mm",
        "WSON-8_1EP_2x2mm_P0.5mm":"WSON-8-1EP_2x2mm_P0.5mm_EP0.9x1.6mm",
        "WSON-8_1EP_2x2mm_P0.5mm_ThermalVias":"WSON-8-1EP_2x2mm_P0.5mm_EP0.9x1.6mm_ThermalVias",
        "ETSSOP-20-1EP_4.4x6.5mm_P0.65mm":"ETSSOP-20-1EP_4.4x6.5mm_P0.65mm_EP3x4.2mm",
        "HTSSOP-16-1EP_4.4x5mm_P0.65mm":"HTSSOP-16-1EP_4.4x5mm_P0.65mm_EP3.4x5mm",
        "HTSSOP-16-1EP_4.4x5mm_P0.65mm_ThermalVias":"HTSSOP-16-1EP_4.4x5mm_P0.65mm_EP3.4x5mm_Mask3x3mm_ThermalVias",
        "HTSSOP-20-1EP_4.4x6.5mm_P0.65mm":"HTSSOP-20-1EP_4.4x6.5mm_P0.65mm_EP3.4x6.5mm",
        "HTSSOP-20-1EP_4.4x6.5mm_P0.65mm_ThermalVias":"HTSSOP-20-1EP_4.4x6.5mm_P0.65mm_EP3.4x6.5mm_ThermalVias",
        "HTSSOP-28-1EP_4.4x9.7mm_P0.65mm":"HTSSOP-28-1EP_4.4x9.7mm_P0.65mm_EP3.4x9.5mm",
        "HTSSOP-28-1EP_4.4x9.7mm_P0.65mm_Mask2.4x6.17mm":"HTSSOP-28-1EP_4.4x9.7mm_P0.65mm_EP3.4x9.5mm_Mask2.4x6.17mm",
        "HTSSOP-28-1EP_4.4x9.7mm_P0.65mm_Mask2.4x6.17mm_ThermalVias":"HTSSOP-28-1EP_4.4x9.7mm_P0.65mm_EP3.4x9.5mm_Mask2.4x6.17mm_ThermalVias",
        "HTSSOP-28-1EP_4.4x9.7mm_P0.65mm_ThermalVias":"HTSSOP-28-1EP_4.4x9.7mm_P0.65mm_EP3.4x9.5mm_ThermalVias",
        "HTSSOP-32-1EP_6.1x11mm_P0.65mm_Mask4.11x4.36mm":"HTSSOP-32-1EP_6.1x11mm_P0.65mm_EP5.2x11mm_Mask4.11x4.36mm",
        "HTSSOP-32-1EP_6.1x11mm_P0.65mm_Mask4.11x4.36mm_ThermalVias":"HTSSOP-32-1EP_6.1x11mm_P0.65mm_EP5.2x11mm_Mask4.11x4.36mm_ThermalVias",
        "HTSSOP-56-1EP_6.1x14mm_P0.5mm":"HTSSOP-56-1EP_6.1x14mm_P0.5mm_EP3.61x6.35mm",
        "MSOP-10-1EP_3x3mm_P0.5mm":"MSOP-10-1EP_3x3mm_P0.5mm_EP1.68x1.88mm",
        "MSOP-12-16-1EP_3x4mm_P0.5mm":"MSOP-12-16-1EP_3x4mm_P0.5mm_EP1.65x2.85mm",
        "MSOP-12-16-1EP_3x4mm_P0.5mm_ThermalVias":"MSOP-12-16-1EP_3x4mm_P0.5mm_EP1.65x2.85mm_ThermalVias",
        "MSOP-12-1EP_3x4mm_P0.65mm":"MSOP-12-1EP_3x4mm_P0.65mm_EP1.65x2.85mm",
        "MSOP-16-1EP_3x4mm_P0.5mm":"MSOP-16-1EP_3x4mm_P0.5mm_EP1.65x2.85mm",
        "MSOP-16-1EP_3x4mm_P0.5mm_ThermalVias":"MSOP-16-1EP_3x4mm_P0.5mm_EP1.65x2.85mm_ThermalVias",
        "MSOP-8-1EP_3x3mm_P0.65mm":"MSOP-8-1EP_3x3mm_P0.65mm_EP1.68x1.88mm"
    },
    "library":{
    },
    "prefix":{},
    "replace":{
    }
}
